Pseudonym,Model,Commit,M1 (↓),M2 (↓),M3 (↓),M4 (↑),M5 (↑)
zach,example1,abcd1234,0.0,0.060822212270488146,0.0,1.0,1.0
zach,example2,1234abcd,0.0,0.0,0.7738,0.2262,0.36894470722557493
