Pseudonym,Model,Commit,M1 (↓),M2 (↓),M3 (↓),M4 (↑),M5 (↑)
zach,example1,abcd1234,0.0,0.060822212270488146,0.0,1.0,1.0
zach,example2,1234abcd,0.0,0.0,0.7738,0.2262,0.36894470722557493
hahaha,example,aabe0ee4,0.034893806470590594,0.033415885217999264,0.27380000000000004,0.4925,0.2771028477350562
hahaha,best_model,2dd7c4d8,0.017937822227698963,0.06752410807583221,0.009310094633520049,0.8156,0.4244770159650032
